id;name;description;release_date;type;genre;creator;cast;rating;link;available_in_hd
1;Checking Account parsing;Strategist calculating;2020-05-03T05:38:48;Series;Crime;flexibility;Home Loan Account;99644;repurpose Baby;No
2;Borders service-desk;Checking Account Rand Loti virtual;2020-05-03T01:03:26;Film;Action;Savings Account;back up;87127;communities circuit;No
3;pixel Senior bus;virtual;2020-05-03T08:32:28;Series;Crime;Chips Brooks Agent;Handmade application Cotton;82618;SQL even-keeled Wooden;No
4;Ergonomic bypassing Denmark;PCI Ergonomic;2020-05-03T03:51:45;Series;Anime;Universal dynamic;monetize embrace backing up;10494;Generic Fresh Pants;No
5;enterprise migration Legacy;GB;2020-05-03T10:29:28;Film;Crime;SDD index;Implemented;86562;instruction set channels;Yes
6;Architect JSON Aruban Guilder;Multi-tiered program;2020-05-03T07:52:01;Series;Action;USB Fresh;discrete;44062;Belarussian Ruble Unbranded Frozen Chicken haptic;No
7;Tasty installation Engineer;Saudi Riyal Squares Granite;2020-05-03T03:01:10;Series;Action;Internal;Unbranded card parse;71982;Expanded Pants Direct;Yes
8;Guatemala;Auto Loan Account;2020-05-03T10:34:47;Film;Crime;Human;cyan;11097;input firmware;No
9;Roads innovate;bypass internet solution;2020-05-03T01:19:00;Film;Action;Rwanda Franc solid state dedicated;Soap Configuration;24568;Money Market Account;Yes
10;Borders;Investment Account protocol Adaptive;2020-05-03T16:43:57;Film;Action;Granite cultivate;Borders;17525;Road;No
